"Time (s)","Latitude (째)","Longitude (째)","Height (m)","Velocity (m/s)","Direction (째)","Horizontal Accuracy (m)","Vertical Accuracy (째)"
6.196022034E-3,6.046393977E1,2.693213850E1,9.063896174E0,NaN,NaN,1.814981545E1,3.000000000E1
3.932404518E-2,6.046393972E1,2.693213833E1,9.063896174E0,NaN,NaN,1.814861175E1,3.000004408E1
5.238480568E-1,6.046393974E1,2.693213878E1,9.063896174E0,NaN,NaN,1.835531956E1,3.003800644E1
5.246460438E-1,6.046393974E1,2.693213878E1,9.063896174E0,NaN,NaN,1.835531956E1,3.003800644E1
1.184749961E0,6.046388828E1,2.693202383E1,9.695617676E0,1.840000033E0,1.617187500E2,1.119631702E1,1.200000000E1
1.663097978E0,6.046387594E1,2.693203175E1,1.001032257E1,1.840000033E0,1.617187500E2,1.122016700E1,1.200000000E1
2.666571975E0,6.046381517E1,2.693214067E1,9.979095459E0,1.840000033E0,1.385156250E2,8.977064089E0,2.400000000E1
3.668995023E0,6.046380393E1,2.693216080E1,1.005855802E1,1.190000057E0,1.385156250E2,9.375898150E0,2.400141047E1
4.665097117E0,6.046379611E1,2.693217512E1,9.044574065E0,1.899999976E-1,1.385156250E2,1.027098673E1,3.000051903E1
5.668798089E0,6.046326132E1,2.693309312E1,1.271007614E2,4.900000095E-1,1.385156250E2,2.639652853E1,4.800000000E1
6.500096917E0,6.046383083E1,2.693208503E1,1.400035667E1,7.699999809E-1,1.483593750E2,6.063306512E0,1.200000000E1
7.502275229E0,6.046381629E1,2.693211126E1,1.441992569E1,7.300000191E-1,1.515234375E2,4.586579246E0,8.000000000E0
8.504853368E0,6.046380053E1,2.693213264E1,1.267543221E1,7.699999809E-1,1.501171875E2,3.752741372E0,6.000000000E0
9.507388949E0,6.046378712E1,2.693215024E1,1.123867607E1,1.090000033E0,1.473046875E2,3.641696325E0,6.000000000E0
1.050973916E1,6.046377656E1,2.693216658E1,7.755165100E0,9.300000072E-1,1.427343750E2,3.744145409E0,6.000000000E0
1.151195407E1,6.046376641E1,2.693218444E1,5.586290359E0,1.070000052E0,1.360546875E2,3.535533906E0,6.000000000E0
1.251403356E1,6.046375568E1,2.693220355E1,4.020627975E0,1.070000052E0,1.350000000E2,3.535533906E0,4.000000000E0
1.351592863E1,6.046374889E1,2.693221730E1,4.020635768E0,1.070000052E0,1.350000120E2,4.748651530E0,5.372485918E0
1.451771104E1,6.046373830E1,2.693223573E1,3.294265909E0,1.070000052E0,1.371093865E2,4.748651530E0,5.372485918E0
1.551939857E1,6.046372695E1,2.693225432E1,2.707485386E0,1.200000048E0,1.395703248E2,4.748651530E0,5.372485918E0
1.652093458E1,6.046371551E1,2.693227464E1,2.115638921E0,1.200000048E0,1.388672000E2,4.748651530E0,4.029364438E0
1.752238357E1,6.046370530E1,2.693229340E1,2.141954605E0,1.179999948E0,1.374609501E2,4.748651530E0,4.029364438E0
1.852373171E1,6.046369469E1,2.693231024E1,1.299678985E0,1.179999948E0,1.395703246E2,4.748651530E0,4.029364438E0
1.952497923E1,6.046368307E1,2.693232957E1,7.311479710E-1,1.289999962E0,1.406250129E2,4.748651530E0,4.029364438E0
2.052615142E1,6.046367272E1,2.693234694E1,4.732839735E-1,1.289999962E0,1.413281377E2,4.748651530E0,5.372485918E0
2.152721763E1,6.046366395E1,2.693236458E1,-9.390620235E-2,1.269999981E0,1.388672007E2,4.748651530E0,5.372485918E0
2.252821648E1,6.046365533E1,2.693238109E1,-5.500791539E-1,1.230000019E0,1.392187627E2,4.748651530E0,5.372485918E0
2.352914500E1,6.046364588E1,2.693239728E1,-8.300378723E-1,1.250000000E0,1.413281374E2,4.748651530E0,5.372485918E0
2.453002453E1,6.046363656E1,2.693241456E1,-1.024425300E0,1.299999952E0,1.420312626E2,4.748651530E0,4.029364438E0
2.553084767E1,6.046362781E1,2.693243392E1,-1.143373282E0,1.299999952E0,1.409765754E2,4.748651530E0,4.029364438E0
2.653161824E1,6.046361836E1,2.693245492E1,-1.135246052E0,1.379999995E0,1.413281386E2,4.748651530E0,4.029364438E0
2.753233850E1,6.046360984E1,2.693247723E1,-1.393291244E0,1.399999976E0,1.409765764E2,4.748651530E0,4.029364438E0
2.853302014E1,6.046359899E1,2.693250276E1,-1.651881893E0,1.610000014E0,1.420312657E2,4.748651530E0,4.029364438E0
2.953365409E1,6.046358948E1,2.693252072E1,-1.619584800E0,1.440000057E0,1.434375136E2,4.748651530E0,4.029364438E0
3.053425503E1,6.046357688E1,2.693252972E1,-1.379955057E0,1.440000057E0,1.532812602E2,4.748651530E0,4.029364438E0
3.153480935E1,6.046356424E1,2.693252559E1,-1.094001564E0,1.299999952E0,1.712109406E2,4.748651530E0,4.029364438E0
3.253533494E1,6.046355112E1,2.693251016E1,-8.288648427E-1,1.320000052E0,1.923046831E2,4.748651530E0,4.029364438E0
3.353582680E1,6.046348700E1,2.693246728E1,7.410245525E0,1.444244414E0,2.240850871E2,8.907486486E0,7.722841255E0
3.453628862E1,6.046347258E1,2.693246553E1,7.819390822E0,1.391327983E0,2.198230781E2,7.247255357E0,6.138464950E0
3.553672028E1,6.046346289E1,2.693243363E1,7.296432614E0,1.472306908E0,2.337121350E2,7.204658515E0,6.116210916E0
3.653712869E1,6.046344591E1,2.693242568E1,7.902460149E0,1.259107054E0,2.300333564E2,7.778752726E0,6.315012813E0
3.753750801E1,6.046343917E1,2.693239864E1,8.265364304E0,1.196930770E0,2.405753320E2,7.439227253E0,5.909739315E0
3.853786421E1,6.046341891E1,2.693240062E1,8.557794565E0,1.184229160E0,2.233380798E2,7.868541159E0,6.264819179E0
3.953819847E1,6.046340587E1,2.693239005E1,9.340632945E0,1.261699950E0,2.345640055E2,8.087431695E0,6.479307091E0
4.053851366E1,6.046339282E1,2.693238856E1,1.000557555E1,1.124856446E0,2.352388505E2,8.415102024E0,6.771003554E0
4.153880799E1,6.046338117E1,2.693237429E1,1.060363256E1,1.448199025E0,2.312915343E2,8.340083683E0,6.955280741E0
4.253908527E1,6.046336834E1,2.693236245E1,1.055265604E1,1.321153539E0,2.306575795E2,8.389589123E0,6.844110069E0
4.353934312E1,6.046335191E1,2.693235631E1,1.101812525E1,1.263493804E0,2.287997324E2,8.322000722E0,6.836704573E0
4.453958786E1,6.046333081E1,2.693234777E1,1.128183108E1,1.487956014E0,2.292674325E2,8.159426454E0,6.930536082E0
4.553981555E1,6.046335482E1,2.693228899E1,1.069150566E1,1.413447864E0,2.317139465E2,8.137599300E0,9.067733275E0
4.654003036E1,6.046334365E1,2.693227629E1,1.093661688E1,1.322489192E0,2.348462298E2,8.111393401E0,8.731876105E0
4.754023015E1,6.046332904E1,2.693226493E1,1.131732358E1,1.469615021E0,2.301943906E2,8.083280707E0,8.900022228E0
4.854042137E1,6.046331252E1,2.693225816E1,1.126548543E1,1.504838248E0,2.256166232E2,8.045977190E0,9.428425350E0
4.954059637E1,6.046329814E1,2.693224447E1,1.161557686E1,1.511496771E0,2.256484666E2,8.038540626E0,9.636743850E0
5.054076385E1,6.046328963E1,2.693222482E1,1.189984958E1,1.461381286E0,2.372600259E2,8.049813786E0,9.764754868E0
5.154091847E1,6.046327815E1,2.693220904E1,1.253757617E1,1.523890329E0,2.365094396E2,8.043458575E0,9.929468256E0
5.254106593E1,6.046326622E1,2.693219234E1,1.277028317E1,1.526386798E0,2.334567722E2,8.037546380E0,1.007269772E1
5.354120219E1,6.046325304E1,2.693217884E1,1.284125940E1,1.531191018E0,2.285938861E2,8.096963155E0,1.031615182E1
5.454133260E1,6.046324012E1,2.693216402E1,1.262449143E1,1.490087828E0,2.293752570E2,8.110222199E0,1.044735517E1
5.554145384E1,6.046322856E1,2.693214965E1,1.282210784E1,1.465176627E0,2.274074481E2,8.106467658E0,1.041894788E1
5.654156721E1,6.046322042E1,2.693213194E1,1.253319464E1,1.314292738E0,2.328192996E2,8.232021722E0,1.039241917E1
5.754167438E1,6.046321202E1,2.693212232E1,1.217281012E1,1.069708977E0,2.378905704E2,8.298763918E0,1.031401233E1
5.854177582E1,6.046319653E1,2.693210625E1,1.241356279E1,1.286701932E0,2.296221000E2,8.291690818E0,1.023840698E1
5.954186928E1,6.046318568E1,2.693208753E1,1.288842611E1,1.381653984E0,2.277155249E2,8.262971016E0,1.013234699E1
6.054195881E1,6.046317514E1,2.693206350E1,1.293858623E1,1.518674706E0,2.317479079E2,8.291311584E0,1.027742440E1
6.154204178E1,6.046316462E1,2.693204295E1,1.293169023E1,1.563423605E0,2.353142706E2,8.445587850E0,1.146124146E1
6.254211998E1,6.046315496E1,2.693202165E1,1.255363306E1,1.558453596E0,2.387852475E2,8.477190360E0,1.173251641E1
6.354219306E1,6.046314418E1,2.693200147E1,1.196362096E1,1.523579036E0,2.394190104E2,8.594150550E0,1.203773447E1
6.454226243E1,6.046313259E1,2.693198606E1,1.131070190E1,1.480827983E0,2.329974360E2,8.585708799E0,1.194031795E1
6.554232764E1,6.046312445E1,2.693197135E1,1.045056988E1,1.410749536E0,2.323869184E2,8.700633835E0,1.206181429E1
6.654238904E1,6.046311351E1,2.693195209E1,9.921112556E0,1.421258064E0,2.287523333E2,8.727756031E0,1.178863373E1
6.754244614E1,6.046310818E1,2.693192364E1,1.007137931E1,1.479203044E0,2.348267668E2,8.889452567E0,1.223580308E1
6.854250014E1,6.046310018E1,2.693189425E1,1.050235402E1,1.552120942E0,2.339835114E2,9.039383267E0,1.269500136E1
6.954255152E1,6.046309350E1,2.693186697E1,1.084156936E1,1.546409380E0,2.297947009E2,9.257439822E0,1.308089850E1
7.054260015E1,6.046308870E1,2.693183640E1,1.097395956E1,1.538567934E0,2.339219697E2,9.472084062E0,1.345378913E1
7.154264450E1,6.046308380E1,2.693180342E1,1.175184366E1,1.547739895E0,2.324319797E2,9.659885535E0,1.353607014E1
7.254268706E1,6.046307966E1,2.693177327E1,1.190695379E1,1.553356211E0,2.328802140E2,9.799901451E0,1.401420265E1
7.354272771E1,6.046307603E1,2.693174251E1,1.178508827E1,1.567773565E0,2.362488097E2,9.877953684E0,1.397418019E1
7.454276562E1,6.046307474E1,2.693170613E1,1.180834315E1,1.572339270E0,2.401197057E2,9.995510290E0,1.418643238E1
7.554280138E1,6.046307195E1,2.693167642E1,1.101332330E1,1.517527918E0,2.396046671E2,9.993179000E0,1.414132109E1
7.654283488E1,6.046306831E1,2.693164687E1,1.048481493E1,1.518761620E0,2.389083967E2,9.966138435E0,1.410873750E1
7.754286635E1,6.046306468E1,2.693161601E1,1.040536851E1,1.531769954E0,2.386321643E2,9.835142703E0,1.402473967E1
7.854289544E1,6.046305893E1,2.693159011E1,1.012283439E1,1.542023012E0,2.334805644E2,9.772359117E0,1.388747234E1
7.954292464E1,6.046305548E1,2.693156104E1,1.011358325E1,1.550752469E0,2.328498134E2,9.792658435E0,1.401834243E1
8.054295063E1,6.046304992E1,2.693153518E1,9.822143777E0,1.548410769E0,2.351397029E2,9.749626624E0,1.382002643E1
8.154297626E1,6.046304262E1,2.693151222E1,9.897749713E0,1.559542589E0,2.339867388E2,9.611679430E0,1.367742593E1
8.254300010E1,6.046303669E1,2.693148849E1,9.742345571E0,1.554159055E0,2.328469223E2,9.639407087E0,1.322274768E1
8.354302180E1,6.046303021E1,2.693146422E1,9.688203494E0,1.544691036E0,2.298069113E2,9.702828690E0,1.310799352E1
8.454304338E1,6.046302346E1,2.693143991E1,9.828221872E0,1.548879202E0,2.274542425E2,9.691151198E0,1.309408519E1
8.554306412E1,6.046301756E1,2.693141410E1,1.007526299E1,1.575045612E0,2.333128697E2,9.781457102E0,1.331691084E1
8.654308236E1,6.046300879E1,2.693139019E1,1.006646841E1,1.587579052E0,2.314937763E2,9.852067591E0,1.303022120E1
8.754310095E1,6.046300316E1,2.693136356E1,1.034128172E1,1.562725539E0,2.345132152E2,9.836144112E0,1.296502105E1
8.854311812E1,6.046299930E1,2.693133940E1,9.800951605E0,1.557848873E0,2.374776692E2,9.675762964E0,1.259820087E1
8.954313445E1,6.046299186E1,2.693131676E1,9.641831375E0,1.554202922E0,2.389423821E2,9.713415211E0,1.242228222E1
9.054315007E1,6.046298021E1,2.693130545E1,9.268669707E0,1.548766903E0,2.265833680E2,9.691296620E0,1.239483236E1
9.154316437E1,6.046297322E1,2.693128547E1,9.083024971E0,1.556687096E0,2.251324460E2,9.764731316E0,1.259115254E1
9.254317927E1,6.046296594E1,2.693126481E1,9.337271083E0,1.554943174E0,2.238219712E2,9.742278880E0,1.267700751E1
9.354319179E1,6.046296199E1,2.693124062E1,8.720687019E0,1.563069390E0,2.281146162E2,9.742732078E0,1.291245533E1
9.454320478E1,6.046295157E1,2.693122800E1,8.728809934E0,1.524714828E0,2.232102074E2,9.743609355E0,1.285835840E1
9.554321611E1,6.046294207E1,2.693121375E1,8.175414180E0,1.543404158E0,2.237871662E2,9.790092952E0,1.284555722E1
9.654322767E1,6.046292902E1,2.693120642E1,7.832870119E0,1.520366237E0,2.212178813E2,9.720733830E0,1.260518576E1
9.754323924E1,6.046291855E1,2.693119491E1,7.251251818E0,1.490938269E0,2.240847847E2,9.544436168E0,1.241920192E1
9.854324996E1,6.046290492E1,2.693118263E1,7.038049122E0,1.536908411E0,2.207464426E2,9.532682798E0,1.237478683E1
9.954325962E1,6.046289251E1,2.693117123E1,6.783813451E0,1.533967974E0,2.225023041E2,9.379595261E0,1.233906232E1
1.005432690E2,6.046288440E1,2.693115202E1,6.317237382E0,1.469864911E0,2.267837158E2,9.255244902E0,1.242520484E1
1.015432788E2,6.046287893E1,2.693112688E1,6.918580418E0,1.558986170E0,2.376255594E2,9.191528465E0,1.256521145E1
1.025432876E2,6.046287255E1,2.693110500E1,7.186625420E0,1.546909628E0,2.444729816E2,9.062286625E0,1.243095560E1
1.035432962E2,6.046286668E1,2.693108575E1,6.793391505E0,1.571930718E0,2.453095024E2,8.928145173E0,1.265790583E1
1.045433046E2,6.046285261E1,2.693107264E1,6.839188695E0,1.583133361E0,2.276437914E2,8.827234331E0,1.250286697E1
1.055433120E2,6.046283884E1,2.693106312E1,7.017419464E0,1.593897267E0,2.119197235E2,8.671131473E0,1.238402279E1
1.065433192E2,6.046282851E1,2.693104731E1,6.587493181E0,1.587105467E0,2.123261156E2,8.620177561E0,1.228505763E1
1.075433265E2,6.046281885E1,2.693103023E1,6.888682097E0,1.573764647E0,2.142541261E2,8.467004519E0,1.196744276E1
1.085433328E2,6.046280819E1,2.693101686E1,6.630577403E0,1.549390836E0,2.127801921E2,8.408484733E0,1.189246491E1
1.095433401E2,6.046279617E1,2.693100640E1,7.060786099E0,1.571134308E0,2.069802219E2,8.370242507E0,1.171293432E1
1.105433470E2,6.046278750E1,2.693098667E1,7.379751576E0,1.573380436E0,2.119381089E2,8.243399816E0,1.179976148E1
1.115433530E2,6.046277661E1,2.693096861E1,7.058210403E0,1.609888018E0,2.170054435E2,8.247907264E0,1.182728061E1
1.125433587E2,6.046276496E1,2.693095514E1,6.288233573E0,1.627426976E0,2.141920027E2,8.247397717E0,1.190342263E1
1.135433648E2,6.046275309E1,2.693094580E1,5.748621646E0,1.582223521E0,2.079022521E2,8.163347407E0,1.177524533E1
1.145433707E2,6.046273942E1,2.693094705E1,4.959364050E0,1.567871518E0,1.954253191E2,8.238103850E0,1.180018245E1
1.155433761E2,6.046272572E1,2.693095512E1,4.603222923E0,1.566757730E0,1.852596149E2,8.235583284E0,1.161540098E1
1.165433822E2,6.046271482E1,2.693097270E1,4.099761325E0,1.583496367E0,1.693955841E2,8.164524312E0,1.135011260E1
1.175433869E2,6.046270536E1,2.693098242E1,3.623118251E0,1.591774258E0,1.645606775E2,8.108733807E0,1.127653273E1
1.185433916E2,6.046269880E1,2.693100053E1,3.181723805E0,1.391829961E0,1.566256337E2,8.092907621E0,1.085276444E1
1.195433974E2,6.046269488E1,2.693101138E1,3.179022115E0,1.096393973E0,1.517219926E2,7.984797632E0,9.973013654E0
1.205434026E2,6.046268839E1,2.693102293E1,3.201758473E0,1.119066413E0,1.491633919E2,7.820880866E0,9.753878204E0
1.215434071E2,6.046268067E1,2.693103486E1,2.963405396E0,1.161672798E0,1.501183232E2,7.761214854E0,1.027520070E1
1.225434127E2,6.046267201E1,2.693104721E1,3.189320146E0,1.209924872E0,1.483612738E2,7.726224142E0,9.513834450E0
1.235434165E2,6.046266463E1,2.693105649E1,3.132887119E0,1.147974858E0,1.496497085E2,7.723950638E0,9.084994143E0
1.245434210E2,6.046265262E1,2.693107210E1,3.108849970E0,1.391498944E0,1.501009955E2,7.794296997E0,8.902523397E0
1.255434259E2,6.046264531E1,2.693108579E1,2.666901018E0,1.566672271E0,1.478248711E2,7.843174070E0,9.420527379E0
1.265434297E2,6.046263947E1,2.693110430E1,2.359262304E0,1.569218132E0,1.419143893E2,7.770391223E0,9.482922862E0
1.275434341E2,6.046263349E1,2.693113101E1,2.551909694E0,1.581835748E0,1.333824048E2,7.777477045E0,9.490581465E0
1.285434386E2,6.046262795E1,2.693115499E1,3.129002966E0,1.567456671E0,1.296098314E2,7.834377256E0,9.464275435E0
1.295434420E2,6.046262386E1,2.693118009E1,3.508670692E0,1.539274556E0,1.228655169E2,7.832206509E0,9.424471958E0
1.305434464E2,6.046262112E1,2.693120492E1,3.589328446E0,1.532241386E0,1.165975423E2,7.838087484E0,9.392035673E0
1.315434500E2,6.046261708E1,2.693122786E1,3.248520565E0,1.550880795E0,1.155906978E2,7.825340766E0,9.442529601E0
1.325446599E2,6.046261839E1,2.693125821E1,3.337126553E0,1.588302558E0,1.071760743E2,7.909063018E0,9.456955909E0
1.335445755E2,6.046261239E1,2.693127972E1,3.079072031E0,1.556490027E0,1.153875786E2,7.911776778E0,9.346582333E0
1.345444633E2,6.046261032E1,2.693130165E1,2.938092132E0,1.527657479E0,1.166002861E2,7.910250074E0,9.448504766E0
1.355443621E2,6.046260460E1,2.693132129E1,2.552031198E0,1.546510212E0,1.224063422E2,7.924699147E0,9.640597501E0
1.365442550E2,6.046259775E1,2.693133617E1,1.520049687E0,1.432894816E0,1.301301435E2,7.760077084E0,9.053598995E0
1.375441337E2,6.046259760E1,2.693135668E1,7.673076913E-1,1.373354246E0,1.241754589E2,7.677640147E0,8.819581510E0
1.385440305E2,6.046259620E1,2.693138553E1,1.209511733E0,1.547946344E0,1.179832422E2,7.739527190E0,8.948190993E0
1.395439328E2,6.046259428E1,2.693140595E1,1.506974371E0,1.524113787E0,1.154854015E2,7.731383064E0,9.019117365E0
1.405438201E2,6.046258473E1,2.693141668E1,1.987449254E0,1.526157962E0,1.317480332E2,7.712771105E0,8.884625829E0
1.415437306E2,6.046257879E1,2.693142907E1,1.334342062E0,1.401029420E0,1.392230100E2,7.682049062E0,8.679618290E0
1.425436443E2,6.046257435E1,2.693143567E1,6.820289763E-1,1.076186877E0,1.409599189E2,7.608940473E0,8.616419365E0
1.435435443E2,6.046257203E1,2.693145323E1,6.843617456E-1,1.035145482E0,1.292637955E2,7.590685053E0,8.313718761E0
1.445434644E2,6.046256309E1,2.693146845E1,9.156952361E-1,1.165230049E0,1.373488108E2,7.543542884E0,8.124354878E0
1.455433921E2,6.046256416E1,2.693149261E1,8.030184899E-1,1.144026779E0,1.209491138E2,7.566791849E0,7.831563391E0
1.465433046E2,6.046256517E1,2.693151933E1,1.110700474E0,1.260529306E0,1.101700888E2,7.598099964E0,7.850898491E0
1.475432221E2,6.046256525E1,2.693154749E1,1.079326428E0,1.376473171E0,1.057390059E2,7.618603749E0,7.362499250E0
1.485431441E2,6.046255983E1,2.693157172E1,9.068874670E-1,1.439579403E0,1.104535260E2,7.599158151E0,7.347812979E0
1.495430716E2,6.046256373E1,2.693159644E1,1.039742292E0,1.311890039E0,1.024975647E2,7.607454706E0,7.408866902E0
1.505430036E2,6.046256294E1,2.693161699E1,1.221989343E0,1.130337451E0,1.013858564E2,7.581116976E0,7.188473895E0
1.515429385E2,6.046256189E1,2.693164393E1,1.134962636E0,1.230429792E0,1.008027177E2,7.588169011E0,7.164935696E0
1.525428779E2,6.046256446E1,2.693165661E1,5.646037115E-1,8.705569039E-1,8.766161557E1,7.582716251E0,7.199292524E0
1.535428201E2,6.046257011E1,2.693167803E1,5.368569009E-1,8.348941236E-1,8.000095838E1,7.642232765E0,7.400160155E0
1.545427659E2,6.046257239E1,2.693171344E1,7.857588977E-1,1.208144497E0,8.592626132E1,7.696638861E0,7.603646709E0
1.555427146E2,6.046257126E1,2.693173374E1,5.907496093E-1,1.112985571E0,1.026253594E2,7.699475906E0,7.791272465E0
1.565426654E2,6.046257005E1,2.693174034E1,6.829971466E-1,5.726719645E-1,1.222703933E2,7.688744703E0,7.916326713E0
1.575426203E2,6.046258458E1,2.693175287E1,1.250163419E-1,4.597897823E-1,4.043385776E1,7.684618112E0,7.998428876E0
1.585425770E2,6.046260154E1,2.693176898E1,6.830417458E-2,1.453217267E0,2.345953456E1,7.694533640E0,7.784921144E0
1.595425355E2,6.046260130E1,2.693177932E1,4.520570301E-2,1.481618309E0,2.848157681E1,7.621247215E0,7.960382733E0
1.605424974E2,6.046260354E1,2.693177547E1,-5.329821073E-2,8.086596307E-1,1.779571637E1,7.650805155E0,7.861359190E0
1.615424613E2,6.046260028E1,2.693176542E1,1.619751239E-1,1.985804728E-1,5.283939776E0,7.875880134E0,7.037885971E0
1.625424260E2,6.046260300E1,2.693176001E1,6.800544951E-1,1.868465251E-1,5.283933122E0,8.014437032E0,6.563563865E0
1.635423936E2,6.046260329E1,2.693175549E1,9.691283694E-1,3.734951294E-2,5.283927682E0,8.054830687E0,6.986587863E0
1.645423619E2,6.046260627E1,2.693175714E1,1.216207438E0,1.669301605E-1,5.283929480E0,8.083767669E0,7.347327901E0
1.655423322E2,6.046259971E1,2.693171540E1,1.591782670E0,1.348202010E0,2.700345120E2,8.122372030E0,7.399759057E0
1.665423038E2,6.046256908E1,2.693175373E1,2.556521395E0,1.115584602E0,1.946922128E2,8.113656698E0,7.623724901E0
1.675422767E2,6.046255704E1,2.693179777E1,2.931045101E0,1.028538122E0,1.535264944E2,8.088317079E0,7.807049287E0
1.685422518E2,6.046255960E1,2.693183377E1,2.923979976E0,1.148807119E0,1.215810967E2,8.133583086E0,7.989569521E0
1.695422277E2,6.046256196E1,2.693186975E1,3.113167485E0,1.445751441E0,1.036584880E2,8.191301915E0,8.189172706E0
1.705422043E2,6.046256245E1,2.693191203E1,3.640412082E0,1.870209371E0,9.812260403E1,8.153021337E0,8.277004356E0
1.715421829E2,6.046256559E1,2.693192963E1,3.633250684E0,1.373805450E0,9.635461510E1,8.208602842E0,8.376953647E0
1.725421618E2,6.046256597E1,2.693194410E1,3.993022459E0,8.494352558E-1,9.523468123E1,8.258280137E0,8.803426792E0
1.735421411E2,6.046256217E1,2.693196107E1,4.422129980E0,6.575581927E-1,1.030219771E2,8.343561716E0,8.907555154E0
1.745421226E2,6.046255323E1,2.693200047E1,3.881544070E0,1.216203564E0,1.116914078E2,8.384741907E0,9.022483596E0
1.755421041E2,6.046254368E1,2.693202734E1,3.812696100E0,1.209357004E0,1.144529941E2,8.431222495E0,9.167258355E0
1.765420867E2,6.046254534E1,2.693204798E1,3.473579887E0,9.509717233E-1,1.008766770E2,8.441494427E0,9.258471642E0
1.775420698E2,6.046254837E1,2.693206524E1,2.703625619E0,7.798850080E-1,8.360084484E1,8.406847872E0,9.233812622E0
1.785420538E2,6.046254898E1,2.693209295E1,2.714650777E0,9.712372731E-1,7.848630199E1,8.382447804E0,9.159473633E0
1.795420380E2,6.046255098E1,2.693211624E1,3.193273801E0,1.024008384E0,8.119177269E1,8.383513108E0,8.986008480E0
1.805420238E2,6.046254605E1,2.693213332E1,2.431670924E0,8.516246627E-1,9.260338006E1,8.321972684E0,8.818767968E0
1.815420097E2,6.046254401E1,2.693217034E1,2.920311218E0,1.212014481E0,9.429893755E1,8.362081020E0,9.041503572E0
1.825419962E2,6.046253709E1,2.693219761E1,2.583515917E0,1.375774026E0,1.034817695E2,8.308910365E0,8.725235954E0
1.835419824E2,6.046253218E1,2.693222466E1,2.579030727E0,1.473031102E0,1.058616173E2,8.348192299E0,8.410536324E0
1.845419691E2,6.046252737E1,2.693225433E1,2.599676641E0,1.551294970E0,1.070583801E2,8.351643104E0,9.380845405E0
1.855419577E2,6.046252456E1,2.693228937E1,2.752835135E0,1.599773269E0,1.038613486E2,8.342269450E0,8.906757212E0
1.865419449E2,6.046252126E1,2.693231921E1,2.830717052E0,1.576527492E0,1.035620463E2,8.359942501E0,8.786874720E0
1.875419335E2,6.046251538E1,2.693234604E1,2.502703039E0,1.563169502E0,1.087865656E2,8.371581289E0,8.719198194E0
1.885419228E2,6.046251359E1,2.693237556E1,2.112433915E0,1.544911695E0,1.042900089E2,8.310314408E0,8.708907575E0
1.895419118E2,6.046251029E1,2.693240586E1,2.215967747E0,1.575376243E0,1.050852047E2,8.294185960E0,8.456545962E0
1.905419005E2,6.046250656E1,2.693243641E1,2.123073435E0,1.602675441E0,1.047700004E2,8.258707114E0,8.425899975E0
1.915418917E2,6.046250337E1,2.693246688E1,2.356539061E0,1.587156049E0,1.036069751E2,8.265502760E0,8.264528620E0
1.925418807E2,6.046249571E1,2.693249623E1,2.836355518E0,1.587106541E0,1.040818685E2,8.253139973E0,8.141456282E0
1.935418712E2,6.046248984E1,2.693252377E1,2.689388798E0,1.585511809E0,1.085579401E2,8.333598478E0,8.079103190E0
1.945418619E2,6.046248536E1,2.693255212E1,2.635445343E0,1.591633154E0,1.093196451E2,8.274142765E0,7.976837748E0
1.955418524E2,6.046247978E1,2.693258143E1,2.697189898E0,1.580200723E0,1.130415345E2,8.320399522E0,8.015956204E0
1.965418441E2,6.046248049E1,2.693261349E1,2.509799433E0,1.570280586E0,1.049088934E2,8.367529327E0,8.101930424E0
1.975418351E2,6.046247781E1,2.693264308E1,2.672269926E0,1.572628305E0,1.061096417E2,8.403086580E0,8.120133676E0
1.985418265E2,6.046247669E1,2.693267510E1,2.935983919E0,1.604880456E0,1.035453664E2,8.397651446E0,8.139265690E0
1.995418186E2,6.046247711E1,2.693270286E1,2.563011118E0,1.526115203E0,1.000256074E2,8.369418723E0,8.090937325E0
2.005418094E2,6.046247338E1,2.693273076E1,2.502768286E0,1.526637966E0,1.017512629E2,8.340437692E0,8.193317568E0
2.015418013E2,6.046247068E1,2.693276111E1,2.885134797E0,1.588203729E0,1.042752614E2,8.258517044E0,8.362072202E0
2.025417938E2,6.046247214E1,2.693279000E1,2.479543591E0,1.572628766E0,1.036462063E2,8.262087278E0,8.522045416E0
2.035417858E2,6.046248044E1,2.693281837E1,2.411448406E0,1.507233042E0,8.314283493E1,8.265322659E0,8.563664856E0
2.045417783E2,6.046250436E1,2.693283442E1,2.632512240E0,1.624808645E0,4.285346974E1,8.198483228E0,8.607291411E0
2.055417711E2,6.046252002E1,2.693283792E1,2.719744936E0,1.630358542E0,2.416491516E1,8.214861373E0,8.163847522E0
2.065417632E2,6.046252947E1,2.693285914E1,2.568990515E0,1.618370965E0,3.067818082E1,8.241582258E0,7.676872052E0
2.075417560E2,6.046253607E1,2.693288907E1,2.561394380E0,1.593953655E0,4.449863100E1,8.297924093E0,7.244863644E0
2.085417490E2,6.046254220E1,2.693292435E1,2.587355765E0,1.646131210E0,5.645432905E1,8.452319102E0,7.556161733E0
2.095417416E2,6.046255279E1,2.693294584E1,3.300742292E0,1.609321272E0,5.257626784E1,8.429227338E0,7.325572788E0
2.105417341E2,6.046256023E1,2.693297304E1,3.607041272E0,1.622231105E0,5.718800867E1,8.528920343E0,7.066136710E0
2.115417283E2,6.046257240E1,2.693299678E1,3.458474086E0,1.618487104E0,5.123386020E1,8.529336791E0,7.017534398E0
2.125417207E2,6.046258048E1,2.693302109E1,3.673121653E0,1.601378290E0,4.774619386E1,8.451348410E0,6.792712661E0
2.135417136E2,6.046258943E1,2.693304494E1,3.540299639E0,1.608546175E0,4.671894497E1,8.512089383E0,6.663341067E0
2.145417067E2,6.046260016E1,2.693306149E1,2.999908434E0,1.562281890E0,4.253651879E1,8.572577772E0,6.563616343E0
2.155417002E2,6.046260866E1,2.693308927E1,3.170270697E0,1.610327168E0,4.377422904E1,8.691539842E0,6.367421758E0
2.165416940E2,6.046261092E1,2.693312493E1,3.968306798E0,1.574838367E0,5.668636500E1,8.634246936E0,6.120110229E0
2.175416871E2,6.046261692E1,2.693315577E1,3.555651099E0,1.632814222E0,6.212590458E1,8.561608755E0,5.971854800E0
2.185416802E2,6.046262449E1,2.693318201E1,3.254681525E0,1.611594630E0,6.018072842E1,8.480074459E0,6.019657384E0
2.195416739E2,6.046263684E1,2.693320316E1,3.357564714E0,1.624515099E0,5.264259736E1,8.426420332E0,6.135891518E0
2.205416679E2,6.046265333E1,2.693321292E1,3.026273327E0,1.632389518E0,3.273175888E1,8.482101420E0,6.098392427E0
2.215416613E2,6.046266016E1,2.693324269E1,3.169959839E0,1.614267640E0,4.425376374E1,8.449224538E0,5.983315190E0
2.225416553E2,6.046266024E1,2.693328473E1,2.714913172E0,1.614811621E0,6.070915749E1,8.386310256E0,5.944612017E0
2.235416486E2,6.046266523E1,2.693331256E1,2.658950506E0,1.614165481E0,6.249735696E1,8.265129674E0,6.073921637E0
2.245416427E2,6.046267115E1,2.693333927E1,2.157051350E0,1.595777450E0,6.378919863E1,8.280024093E0,6.165764005E0
2.255416362E2,6.046268233E1,2.693335866E1,2.330790351E0,1.574170272E0,5.090290618E1,8.357927660E0,6.282629303E0
2.265416297E2,6.046268232E1,2.693340157E1,2.581538988E0,1.687069182E0,6.813235752E1,8.399165310E0,6.325967270E0
2.275416245E2,6.046269592E1,2.693342192E1,2.972795763E0,1.660040442E0,5.797645316E1,8.342730792E0,6.210888373E0
2.285416174E2,6.046270330E1,2.693344846E1,3.101137789E0,1.640481380E0,6.083352079E1,8.266625800E0,6.098271378E0
2.295416110E2,6.046271083E1,2.693347432E1,3.162966593E0,1.628631766E0,6.124128041E1,8.289648279E0,6.177811615E0
2.305416051E2,6.046271958E1,2.693349531E1,2.855239040E0,1.582249224E0,5.642528038E1,8.324916633E0,6.209541853E0
2.315415987E2,6.046273017E1,2.693352016E1,3.048360216E0,1.639378500E0,5.423651351E1,8.293943278E0,6.165969621E0
2.325415925E2,6.046274119E1,2.693354133E1,3.224309477E0,1.622250289E0,5.201771246E1,8.322044229E0,6.143511016E0
2.335415872E2,6.046274985E1,2.693356666E1,3.281182962E0,1.629370154E0,5.258213417E1,8.403309009E0,6.126545002E0
2.345415803E2,6.046275683E1,2.693359080E1,2.932651429E0,1.611502228E0,5.791437724E1,8.512785678E0,6.248890603E0
2.355415751E2,6.046276287E1,2.693361926E1,3.369778954E0,1.646057313E0,6.020060055E1,8.498789147E0,6.235189780E0
2.365415691E2,6.046276826E1,2.693365633E1,3.860684499E0,1.653147241E0,5.172816097E1,8.728046534E0,7.006776267E0
2.375415621E2,6.046278247E1,2.693367396E1,4.030239788E0,1.653901573E0,4.952169702E1,8.842550927E0,7.763327234E0
2.385415571E2,6.046279454E1,2.693369333E1,3.741685561E0,1.643562653E0,5.250846496E1,9.028457360E0,8.704786217E0
2.395415508E2,6.046280652E1,2.693371678E1,4.223627809E0,1.656929131E0,4.829330915E1,9.228049866E0,9.434351088E0
2.405415446E2,6.046281843E1,2.693373866E1,4.569760834E0,1.644057281E0,4.854798520E1,9.195940355E0,9.740726419E0
2.415415393E2,6.046283004E1,2.693376339E1,4.670048211E0,1.647590637E0,5.083677633E1,9.321738821E0,9.889537078E0
2.425415326E2,6.046284180E1,2.693378157E1,4.451786774E0,1.653274808E0,5.179383391E1,9.383572971E0,9.852969000E0
2.435415270E2,6.046285330E1,2.693380309E1,4.711249145E0,1.635597351E0,5.006405958E1,9.471407599E0,1.004770721E1
2.445415208E2,6.046286844E1,2.693381915E1,4.903427344E0,1.657484131E0,4.376951070E1,9.568541210E0,1.050878673E1
2.455415156E2,6.046288068E1,2.693384200E1,5.087589219E0,1.661930971E0,4.556003127E1,9.654039683E0,1.072410738E1
2.465415089E2,6.046288983E1,2.693386813E1,5.349813172E0,1.660819027E0,5.121684965E1,9.605025368E0,1.107395733E1
2.475415035E2,6.046290194E1,2.693389230E1,5.879713161E0,1.662981045E0,5.128171348E1,9.508221509E0,1.112072232E1
2.485414975E2,6.046291272E1,2.693391593E1,5.911200917E0,1.652923345E0,5.428118724E1,9.343840865E0,1.098611631E1
2.495414910E2,6.046292144E1,2.693393915E1,5.655763552E0,1.612898013E0,5.841680833E1,9.309382446E0,1.111047063E1
2.505414855E2,6.046293023E1,2.693396225E1,5.882472081E0,1.639133408E0,5.958908440E1,9.121231493E0,1.104418068E1
2.515414799E2,6.046294270E1,2.693398047E1,6.496990923E0,1.625946021E0,5.463685732E1,9.110659466E0,1.097066936E1
2.525414746E2,6.046295475E1,2.693400021E1,6.586414971E0,1.654789142E0,5.040268225E1,9.138460777E0,1.087542604E1
2.535414683E2,6.046296919E1,2.693401655E1,6.953668716E0,1.678797892E0,4.070352881E1,9.048406528E0,1.110136026E1
2.545414622E2,6.046297798E1,2.693404064E1,7.021933731E0,1.657158207E0,4.729929294E1,9.027127536E0,1.088036782E1
2.555414568E2,6.046298567E1,2.693407033E1,7.338230180E0,1.669921429E0,5.446274619E1,9.098647073E0,1.014474184E1
2.565414510E2,6.046299832E1,2.693409225E1,7.486710425E0,1.663394070E0,5.160981551E1,9.079217029E0,9.721769282E0
2.575414461E2,6.046300647E1,2.693411828E1,7.537234170E0,1.643404439E0,5.279163292E1,9.130034509E0,9.397169470E0
2.585426950E2,6.046301522E1,2.693414285E1,7.528391168E0,1.620932467E0,5.362124586E1,9.041650282E0,8.866264408E0
2.595426925E2,6.046302252E1,2.693416983E1,7.316241655E0,1.615437342E0,5.578671253E1,9.039004528E0,8.922520415E0
2.605426730E2,6.046303691E1,2.693418913E1,7.751959569E0,1.664902703E0,4.833811022E1,9.018849085E0,9.055579863E0
2.615426625E2,6.046304869E1,2.693421040E1,7.829121426E0,1.669023534E0,4.745079623E1,8.937553823E0,8.722930725E0
2.625426434E2,6.046305621E1,2.693423885E1,7.780400409E0,1.671910572E0,5.262346402E1,8.829767669E0,8.546889549E0
2.635426103E2,6.046306331E1,2.693426606E1,7.581574541E0,1.674639722E0,5.515935765E1,8.965919425E0,8.955766609E0
2.645425905E2,6.046307455E1,2.693428355E1,7.088421365E0,1.658339355E0,4.936715136E1,9.021043577E0,9.174374785E0
2.655425682E2,6.046309061E1,2.693429243E1,6.931773391E0,1.660210773E0,3.081330848E1,8.936817804E0,9.253831839E0
2.665425340E2,6.046310969E1,2.693428619E1,7.229162862E0,1.674629309E0,1.144015851E1,9.042137729E0,9.478689133E0
2.675425122E2,6.046312734E1,2.693428188E1,7.843063936E0,1.647121220E0,5.124124810E0,9.055502325E0,1.013112068E1
2.685424910E2,6.046314146E1,2.693426357E1,7.735487395E0,1.668273780E0,3.428417256E2,9.158588214E0,1.062201867E1
2.695424559E2,6.046315119E1,2.693424272E1,6.751600094E0,1.560137857E0,3.280744095E2,9.219418394E0,1.055541119E1
2.705424349E2,6.046316399E1,2.693422932E1,7.458553329E0,1.650967444E0,3.287580697E2,9.278728398E0,1.055109980E1
2.715424153E2,6.046317319E1,2.693420033E1,7.316642521E0,1.673886252E0,3.183213541E2,9.363645626E0,1.059719200E1
2.725423803E2,6.046318637E1,2.693418343E1,7.075636514E0,1.677201709E0,3.228773657E2,9.377848734E0,1.038796572E1
2.735423477E2,6.046319754E1,2.693416350E1,7.352774445E0,1.691673333E0,3.224219771E2,9.525248788E0,1.081327184E1
2.745423160E2,6.046320349E1,2.693413098E1,6.708044257E0,1.731835280E0,3.076049244E2,9.589133124E0,1.078198226E1
2.755422852E2,6.046321365E1,2.693410451E1,7.532428696E0,1.687476591E0,3.080904086E2,9.642850165E0,1.053161050E1
2.765422561E2,6.046322845E1,2.693409441E1,8.617043422E0,1.532551536E0,3.209599360E2,9.738747441E0,1.035216221E1
2.775422285E2,6.046323995E1,2.693407502E1,8.512629363E0,1.645589434E0,3.259074273E2,9.847980466E0,1.043545483E1
2.785422010E2,6.046325486E1,2.693405914E1,8.094617279E0,1.696397668E0,3.303122883E2,9.956682181E0,1.056758095E1
2.795421764E2,6.046326435E1,2.693403387E1,8.256303222E0,1.711045649E0,3.236803504E2,9.989984778E0,1.053012035E1
2.805421507E2,6.046327099E1,2.693400314E1,8.915775477E0,1.678658918E0,3.078811748E2,1.005971220E1,1.046242502E1
2.815421271E2,6.046328338E1,2.693398373E1,8.592644253E0,1.682324346E0,3.128979343E2,1.024125948E1,1.051222001E1
2.825421044E2,6.046330258E1,2.693397865E1,9.233053437E0,1.658610261E0,3.298849582E2,1.042982801E1,1.052867859E1
2.835420825E2,6.046331658E1,2.693396277E1,9.759507014E0,1.690514616E0,3.303927321E2,1.046242826E1,1.066774247E1
2.845420617E2,6.046332781E1,2.693394513E1,9.693462902E0,1.667171798E0,3.304677174E2,1.048481678E1,1.057968125E1
2.855420408E2,6.046334326E1,2.693394057E1,9.718386074E0,1.649310350E0,3.363454738E2,1.072020850E1,1.059277348E1
2.865420207E2,6.046335267E1,2.693391165E1,9.518567553E0,1.659579169E0,3.222365233E2,1.070142438E1,1.074140580E1
2.875420030E2,6.046337119E1,2.693389943E1,9.618907909E0,1.665776770E0,3.184947484E2,1.084303791E1,1.163503442E1
2.885419844E2,6.046338057E1,2.693387900E1,9.018396775E0,1.590523721E0,3.045633118E2,1.097103527E1,1.208686877E1
2.895419663E2,6.046338955E1,2.693385996E1,8.079656079E0,1.381592402E0,3.039288006E2,1.090747974E1,1.228170549E1
2.905419484E2,6.046340780E1,2.693384617E1,8.080231203E0,1.538834694E0,3.192337571E2,1.088167225E1,1.225112896E1
2.915419316E2,6.046341271E1,2.693381870E1,7.076566488E0,1.404126923E0,3.073940939E2,1.077457471E1,1.206246933E1
2.925419155E2,6.046342369E1,2.693380147E1,6.258836555E0,1.366020810E0,3.162285333E2,1.086508372E1,1.245489961E1
2.935418997E2,6.046343622E1,2.693378175E1,5.668021313E0,1.543585752E0,3.287906734E2,1.084196251E1,1.294254322E1
2.945418839E2,6.046344901E1,2.693376181E1,5.475197217E0,1.583849024E0,3.282689989E2,1.081478408E1,1.314966917E1
2.955418680E2,6.046346058E1,2.693374027E1,5.753858536E0,1.582475230E0,3.223176881E2,1.076164679E1,1.327273657E1
2.965418530E2,6.046347418E1,2.693372850E1,5.854901927E0,1.587310859E0,3.231653749E2,1.085295134E1,1.321998673E1
2.975418392E2,6.046348705E1,2.693370791E1,5.996036164E0,1.659169417E0,3.192221976E2,1.095588718E1,1.353284992E1
2.985418245E2,6.046350166E1,2.693368846E1,7.481606392E0,1.659921234E0,3.194020086E2,1.100749775E1,1.285512497E1
2.995418108E2,6.046352017E1,2.693368006E1,7.700948690E0,1.695517066E0,3.292891959E2,1.117587221E1,1.291249269E1
3.005417979E2,6.046353373E1,2.693366422E1,7.791590314E0,1.663413651E0,3.288617942E2,1.122181544E1,1.269863511E1
3.015417843E2,6.046354654E1,2.693364466E1,7.857171627E0,1.676105811E0,3.239208260E2,1.122867232E1,1.263806472E1
3.025417711E2,6.046355710E1,2.693362018E1,8.002848243E0,1.640432961E0,3.148683809E2,1.128499068E1,1.278590463E1
3.035417583E2,6.046356962E1,2.693360325E1,8.253621070E0,1.650779618E0,3.109583389E2,1.130702367E1,1.265828407E1
3.045417458E2,6.046357759E1,2.693358080E1,7.420305590E0,1.562937330E0,3.088624324E2,1.127724876E1,1.224253920E1
3.055417331E2,6.046359131E1,2.693356392E1,7.401539004E0,1.636754118E0,3.142424641E2,1.129816962E1,1.188658378E1
3.065417206E2,6.046361165E1,2.693355776E1,8.378023851E0,1.660914774E0,3.289662623E2,1.134424141E1,1.203163861E1
3.075417095E2,6.046362849E1,2.693355249E1,8.328676486E0,1.626639512E0,3.381733065E2,1.141069419E1,1.220649393E1
3.085416969E2,6.046362903E1,2.693353242E1,7.336847448E0,1.075170118E0,3.195336029E2,1.140301968E1,1.211140784E1
3.095416856E2,6.046363787E1,2.693349950E1,6.448381013E0,1.475384394E0,3.072728473E2,1.141108940E1,1.245890834E1
3.105416741E2,6.046365374E1,2.693347746E1,6.793985173E0,1.639234679E0,3.138198055E2,1.148012438E1,1.302420044E1
3.115416621E2,6.046366049E1,2.693346103E1,5.581592446E0,1.418718540E0,3.095349195E2,1.154440130E1,1.316132140E1
3.125416505E2,6.046366212E1,2.693344433E1,4.380494096E0,9.651790938E-1,2.900182801E2,1.156758722E1,1.300254170E1
3.135416394E2,6.046366997E1,2.693342197E1,3.741542037E0,9.946871030E-1,3.007363219E2,1.156065925E1,1.297207337E1
3.145416291E2,6.046366697E1,2.693339367E1,2.652807350E0,1.106537605E0,2.841770328E2,1.152161627E1,1.297026720E1
3.155416169E2,6.046366502E1,2.693336691E1,1.934274471E0,1.181951891E0,2.681158461E2,1.148056905E1,1.346250936E1
3.165416063E2,6.046367173E1,2.693334247E1,1.360207502E0,1.229199306E0,2.829071942E2,1.151654536E1,1.338229283E1
3.175415967E2,6.046367364E1,2.693330973E1,8.425185746E-1,1.438006549E0,2.891164927E2,1.149025728E1,1.307112263E1
3.185415851E2,6.046368240E1,2.693327690E1,1.422820693E0,1.636002089E0,2.988774128E2,1.144910111E1,1.354317507E1
3.195415752E2,6.046369324E1,2.693324790E1,2.459587986E0,1.632281657E0,3.065294800E2,1.142904523E1,1.404044339E1
3.205415637E2,6.046370654E1,2.693322689E1,3.034903027E0,1.573950285E0,3.109850039E2,1.160147413E1,1.446534361E1
3.215415530E2,6.046372271E1,2.693320063E1,3.640697331E0,1.604015380E0,3.164330717E2,1.184825039E1,1.492131942E1
3.225415428E2,6.046373494E1,2.693317748E1,4.210043778E0,1.601975175E0,3.178429048E2,1.183564861E1,1.503551059E1
3.235415330E2,6.046374464E1,2.693315981E1,4.262701681E0,1.553985086E0,3.209776371E2,1.180039581E1,1.517739410E1
3.245415225E2,6.046375856E1,2.693314827E1,4.227410605E0,1.479832522E0,3.299175622E2,1.182841760E1,1.505251691E1
3.255415120E2,6.046377525E1,2.693314436E1,4.693490814E0,1.584497589E0,3.427722574E2,1.192419755E1,1.541268369E1
3.265415025E2,6.046378339E1,2.693313803E1,4.421081446E0,1.543813887E0,3.458187429E2,1.174322452E1,1.526965192E1
3.275414914E2,6.046379887E1,2.693313484E1,5.252756061E0,1.606587661E0,3.538968167E2,1.175650898E1,1.515497229E1
3.285414816E2,6.046380854E1,2.693314432E1,5.816088050E0,1.523986937E0,8.580910622E0,1.158198776E1,1.473347151E1
3.295414716E2,6.046382040E1,2.693314364E1,6.525620684E0,1.541705595E0,8.687747312E0,1.155211009E1,1.419877681E1
3.305414624E2,6.046383389E1,2.693315164E1,6.113628686E0,1.625701653E0,1.009232383E1,1.150247257E1,1.364828062E1
3.315414525E2,6.046384800E1,2.693315492E1,6.614747240E0,1.632013327E0,9.712198747E0,1.142995182E1,1.402251782E1
3.325414419E2,6.046386153E1,2.693316361E1,6.775879269E0,1.556530054E0,1.600608724E1,1.145776540E1,1.473957382E1
3.335414326E2,6.046387276E1,2.693318396E1,7.206108637E0,1.572804500E0,2.738020791E1,1.158638118E1,1.485033935E1
3.345414226E2,6.046388314E1,2.693320836E1,7.053121893E0,1.626541400E0,3.522329187E1,1.152382835E1,1.483183702E1
3.355414131E2,6.046389450E1,2.693322853E1,6.921581833E0,1.618155149E0,4.002090149E1,1.156011154E1,1.499801291E1
3.365414026E2,6.046390689E1,2.693324597E1,6.597028857E0,1.606213568E0,3.690939065E1,1.141763233E1,1.473467239E1
3.375414591E2,6.046391757E1,2.693326599E1,6.692071076E0,1.547008540E0,4.019068099E1,1.149802724E1,1.517960837E1
3.385413836E2,6.046393348E1,2.693327980E1,6.882217495E0,1.581363975E0,3.651240467E1,1.162539839E1,1.529743523E1
3.395413731E2,6.046394461E1,2.693329322E1,6.978762382E0,1.562753032E0,3.397975467E1,1.148914177E1,1.525867447E1
3.405413634E2,6.046396030E1,2.693330274E1,7.432621000E0,1.559872884E0,2.883440501E1,1.138032442E1,1.536216709E1
3.415413541E2,6.046397428E1,2.693331920E1,7.613487600E0,1.568319672E0,3.129866765E1,1.130778432E1,1.538218087E1
3.425413438E2,6.046398461E1,2.693333204E1,7.565333976E0,1.482109361E0,3.402839950E1,1.126416112E1,1.522677111E1
3.435413346E2,6.046399549E1,2.693333705E1,7.361786645E0,1.441542827E0,2.964741694E1,1.096067022E1,1.474351134E1
3.445413245E2,6.046400187E1,2.693334750E1,7.262156562E0,1.357861187E0,3.891463309E1,1.088075212E1,1.453793987E1
3.455413152E2,6.046400349E1,2.693336851E1,7.162548848E0,1.388659706E0,5.744402909E1,1.067205635E1,1.430115858E1
3.465413060E2,6.046400061E1,2.693337284E1,6.990130217E0,9.438509551E-1,7.786365782E1,1.051436128E1,1.406590543E1
3.475412958E2,6.046399326E1,2.693334986E1,6.863961563E0,2.401260478E-1,1.998907107E2,1.047104620E1,1.255581525E1
3.485412867E2,6.046398604E1,2.693331499E1,6.196303862E0,7.653299261E-1,2.483552119E2,1.038985934E1,1.221924129E1
3.495412771E2,6.046398088E1,2.693330550E1,6.707998982E0,8.024895340E-1,2.462727445E2,1.036762519E1,1.213060268E1
3.505412669E2,6.046396771E1,2.693328224E1,6.618602006E0,1.294836098E0,2.344921450E2,1.023918878E1,1.010479142E1
3.515412576E2,6.046395846E1,2.693325678E1,6.610547090E0,1.625338330E0,2.324731172E2,9.964661900E0,7.289784894E0
3.525412482E2,6.046395032E1,2.693323667E1,6.612262224E0,1.645057124E0,2.318328898E2,9.703861347E0,6.508817460E0
3.535412382E2,6.046394110E1,2.693321756E1,7.991143879E0,1.675574473E0,2.325030833E2,9.456100820E0,5.092504557E0
3.545412288E2,6.046393224E1,2.693320007E1,9.279808744E0,1.523727098E0,2.322620000E2,9.220728345E0,3.976718529E0
3.555412198E2,6.046392688E1,2.693318577E1,9.918684589E0,1.259998800E0,2.304953498E2,8.997124491E0,3.013949325E0
3.565412279E2,6.046392025E1,2.693316400E1,1.041825255E1,1.294094419E0,2.299182300E2,8.784700841E0,3.000000000E0